connectorId,label_current_anomaly_sum,label_current_anomaly_mean,label_future_anomaly_5min_sum,label_future_anomaly_5min_mean,label_future_anomaly_10min_sum,label_future_anomaly_10min_mean,label_future_anomaly_15min_sum,label_future_anomaly_15min_mean,rows
1,3317,0.08935402187382145,1675,0.04512149129896018,2909,0.07836323473950757,3733,0.10056031463821992,37122
2,2639,0.08719931271477663,1506,0.04976209357652656,2467,0.08151599259846683,2887,0.09539386730108379,30264
3,3177,0.0974121542895689,1736,0.05322867480223217,2915,0.0893787943827804,3630,0.11130189489176427,32614
