split,rows,sessions,positive_rate
train,70397,436,0.08834183274855463
validation,15534,93,0.09424488219389726
test,14069,94,0.1030634728836449
