threshold,accuracy,precision,recall,f1,false_alarm_rate,missed_anomaly_rate,alert_rate,positive_rate,roc_auc,pr_auc,dataset,alert_mode,target
0.4914818719457938,0.9931118836101455,0.9721642310368824,0.9542349726775956,0.963116166839021,0.0028429282160625444,0.045765027322404374,0.0925067593665508,0.09424488219389726,0.9901535453101394,0.975423114793179,validation,balanced,label_current_anomaly
0.4914818719457938,0.978818679365982,0.9272997032640949,0.8620689655172413,0.8934953538241601,0.007766067041762421,0.13793103448275862,0.09581349065320918,0.1030634728836449,0.9501159444843709,0.9219826628056329,test,balanced,label_current_anomaly
0.49804653915991043,0.9927900090124887,0.9727272727272728,0.950136612021858,0.9612992398064962,0.002771855010660981,0.049863387978142076,0.09205613492983133,0.09424488219389726,0.9901535453101394,0.975423114793179,validation,conservative,label_current_anomaly
0.49804653915991043,0.9786765228516596,0.9284649776453056,0.8593103448275862,0.8925501432664756,0.0076075758776448215,0.1406896551724138,0.09538702111024237,0.1030634728836449,0.9501159444843709,0.9219826628056329,test,conservative,label_current_anomaly
